{"tax_custom_fields":false,"user_custom_fields":false,"custom_forms_fields":{"cwp_field_532461556218":{"label":"Your Name *","name":"cwp_field_532461556218","type":"text","description":"","default_value":"","minimum_value":"0","maximum_value":"100","steps_count":"1","file_types":"","upload_size":"","max_upload_files":"","placeholder":"Your name","options":"{\"label\":[\"\",\"\"],\"value\":[\"\",\"\"]}","char_limit":"","filter_post_types":"","filter_taxonomy":"","filter_user_roles":"","rel_attr":"do-follow","appearance":"","validation_msg":"","files_save":"ids","files_save_separator":"array","id":"cwp_field_699431132459","class":"hs-contact-name-field","container_class":"contact-form","conditional_field":"cwp_field_215607959299","conditional_operator":"","conditional_value":"","group_id":"4508"},"cwp_field_215607959299":{"label":"Your Email *","name":"cwp_field_215607959299","type":"email","description":"","default_value":"","minimum_value":"0","maximum_value":"100","steps_count":"1","file_types":"","upload_size":"","max_upload_files":"","placeholder":"Your email","options":"{\"label\":[\"\",\"\"],\"value\":[\"\",\"\"]}","char_limit":"","filter_post_types":"","filter_taxonomy":"","filter_user_roles":"","rel_attr":"do-follow","appearance":"","validation_msg":"","files_save":"ids","files_save_separator":"array","id":"cwp_field_524529134580","class":"hs-contact-email-field","container_class":"contact-form","conditional_field":"cwp_field_532461556218","conditional_operator":"","conditional_value":"","group_id":"4508"},"cwp_field_795539147799":{"label":"Message *","name":"cwp_field_795539147799","type":"text","description":"","default_value":"","minimum_value":"0","maximum_value":"100","steps_count":"1","file_types":"","upload_size":"","max_upload_files":"","placeholder":"Write\u00a0your\u00a0message","options":"{\"label\":[\"\",\"\"],\"value\":[\"\",\"\"]}","char_limit":"","filter_post_types":"","filter_taxonomy":"","filter_user_roles":"","rel_attr":"do-follow","appearance":"","validation_msg":"","files_save":"ids","files_save_separator":"array","id":"cwp_field_981299726327","class":"hs-contact-message-field","container_class":"contact-form","conditional_field":"cwp_field_532461556218","conditional_operator":"","conditional_value":"","group_id":"4508"},"cwp_field_126786873299":{"label":"Your Email","name":"cwp_field_126786873299","type":"email","description":"","default_value":"","minimum_value":"0","maximum_value":"100","steps_count":"1","file_types":"","upload_size":"","max_upload_files":"","placeholder":"Your Email","options":"{\"label\":[\"\",\"\"],\"value\":[\"\",\"\"]}","char_limit":"","filter_post_types":"","filter_taxonomy":"","filter_user_roles":"","rel_attr":"do-follow","appearance":"","validation_msg":"","files_save":"ids","files_save_separator":"array","id":"cwp_field_582495331383","class":"hs-newslatter-form-field","container_class":"newslatter-form","conditional_operator":"","conditional_value":"","group_id":"4457"}},"search_forms":[],"filter_forms":[],"cwp_settings":{"external_cpt_into_cubewp":"0","delete_custom_posts_attachments":"0","google_address_radius":"1","google_address_min_radius":"5","google_address_default_radius":"30","google_address_max_radius":"500","google_address_radius_unit":"mi","google_map_api":"","map_option":"openstreet","mapbox_token":"","map_style":"mapbox\/streets-v11","map_zoom":"15","map_latitude":"40.68924104083928","map_longitude":"-74.04450284527532","archive_map":"0","archive_filters":"0","archive_sort_filter":"1","archive_layout":"1","archive_found_text":"1","archive_posts_per_page":"10","cubewp_singular":"1","post_type_save_button":"1","post_type_share_button":"1","twitter_share":"1","facebook_share":"1","pinterest_share":"1","linkedin_share":"1","reddit_share":"1","show_author_template":"0","author_banner_image":"","author_share_button":"1","author_edit_profile":"1","profile_page":"","author_contact_info":"1","author_custom_fields":"1","cubewp-css":"\/* Remove background and border of main form container *\/\r\n#cwp-from-3915 {\r\n  background: none !important;\r\n  border: none !important;\r\n  box-shadow: none !important;\r\n  padding: 0 !important;\r\n}\r\n\r\n\/* Remove section container styles *\/\r\n#cwp-from-3915 .cwp-frontend-section-container {\r\n  background: none !important;\r\n  border: none !important;\r\n  box-shadow: none !important;\r\n  padding: 0 !important;\r\n}\r\n\r\n\/*  Hide \"Newsletter Form\" heading *\/\r\n#cwp-from-3915 .cwp-frontend-section-heading-container {\r\n  display: none !important;\r\n}\r\n\r\n\/* Newsletter field styling *\/\r\n#cwp-from-3915 .newslatter-form-field {\r\n  width: 210px !important;\r\n  height: 45px !important;\r\n  padding: 10px 15px;\r\n  border-radius: 6px 6px 6px 6px;\r\n  border: 1px solid #ccc;\r\n  font-size: 15px;\r\n  font-family: 'Noto Sans', sans-serif;\r\n  margin: 0;\r\n  border-right: 1px solid #ccc !important;\r\n}\r\n#cwp-from-3915 .newslatter-form-field{\r\n  border-right: 1px solid #ccc !important;  \r\n}\r\n\r\n\/* Submit button styling *\/\r\n#cwp-from-3915 .Submit-btn {\r\n  width: 105px;\r\n  height: 45px !important;\r\n  padding: 0;\r\n  background-color: #0073E6 !important;\r\n  color: white !important;\r\n  border-radius: 6px 6px 6px 6px !important;\r\n  font-size: 15px !important;\r\n  font-weight: 400 !important;\r\n  font-family: 'Noto Sans', sans-serif !important;\r\n  margin: 0 !important;\r\n  cursor: pointer !important;\r\n}\r\n\r\n#cwp-from-3915 .cwp-frontend-section-content-container {\r\n  background: none !important;\r\n  border: none !important;\r\n  padding: 0 !important;\r\n  border-radius: 0 !important;\r\n  box-shadow: none !important;\r\n}\r\n#email-form{\r\n    display:flex !important;\r\n    flex-direction:row !important;\r\n    padding:0px !important;\r\n}\r\n.cwp-forms-style1 .cwp-frontend-section-heading-container h2{\r\n    display:none!important;\r\n}\r\n.cwp-forms-style1 {\r\n    background: none!important;\r\n    border-radius: none!important;\r\n    padding: none!important;\r\n    border: none !important;\r\n    \r\n}\r\n.cwp-frontend-form-container .cwp-frontend-section-container .cwp-frontend-section-content-container{\r\n    background: none!important;\r\n}\r\n.cwp-frontend-form-container .cwp-forms-style1 input[type=submit] {\r\n    border-radius: 8px !important;\r\n    background: #0073e6 !important;\r\n    font-size: 16px !important;\r\n    font-weight: 800 !important;\r\n    line-height: 19px !important;\r\n    padding: 0 0 !important;\r\n    transition: .2s !important;\r\n    margin-top: 30px !important;\r\n    padding: 13px 15px !important;\r\n}\r\n.cwp-form-submit-container {\r\n    align-items: center;\r\n    margin-right:3px !important;\r\n}\r\n.cwp-forms-style1 .cwp-field-container input,\r\n.cwp-forms-style1 .cwp-field-container textarea,\r\n.cwp-forms-style1 .cwp-field-container select,\r\n.cwp-forms-style1 .cwp-field-container .select2-container--default .select2-selection--single {\r\n    border: 1px solid #7A7573;\r\n    border-right: none !important; \/* Right side border removed *\/\r\n   border-top-left-radius: 6px !important;\r\n    border-bottom-left-radius: 6px !important;\r\n    border-top-right-radius: 0px !important;\r\n    border-bottom-right-radius: 0px !important;\r\n    padding: 12px;\r\n    font-size: 15px;\r\n    line-height: 18px;\r\n    color: #000000;\r\n}\r\n.cwp-frontend-form-container .cwp-forms-style1 input[type=submit] {\r\n    border-top-left-radius: 0 !important;\r\n    border-bottom-left-radius: 0 !important;\r\n    border-top-right-radius: 6px !important;\r\n    border-bottom-right-radius: 6px !important;\r\n    background: #0073e6;\r\n    font-size: 16px;\r\n    font-weight: 800;\r\n    line-height: 19px;\r\n    padding: 14px 0;\r\n    margin: 0 !important;\r\n    transition: .2s;\r\n}\r\n.cwp-forms-style1 .cwp-field-container input, .cwp-forms-style1 .cwp-field-container textarea, .cwp-forms-style1 .cwp-field-container select, .cwp-forms-style1 .cwp-field-container .select2-container--default .select2-selection--single{\r\n    padding:13px !important;\r\n}\r\n\r\n\r\n\r\n@media screen and (max-width: 1120px) and (min-width: 992px) {\r\n  #cwp-from-3915 #email-form {\r\n      width:100%!important;\r\n      max-width:100%!important;\r\n    display: flex !important;\r\n    flex-direction: row !important;\r\n    justify-content: center !important;\r\n    align-items: center !important;\r\n  }\r\n\r\n  #cwp-from-3915 .newslatter-form-field {\r\n    width: 100px !important;\r\n    height: 40px !important;\r\n    font-size: 14px !important;\r\n    padding: 10px 12px !important;\r\n  }\r\n\r\n  #cwp-from-3915 .Submit-btn {\r\n    width: 50px !important;\r\n    height: 40px !important;\r\n    font-size: 14px !important;\r\n    padding: 10px !important;\r\n  }\r\n}\r\n\r\n\r\n\r\n\r\n\r\n\r\n\/* contact page form *\/\r\n\r\n.cwp-frontend-form-container .cwp-forms-style3 .cwp-frontend-section-container .cwp-field-container > label {\r\ncolor:#ffffff!important;\r\n}\r\n.cwp-forms-style3{\r\n    padding:0px !important;\r\n    background:none!important;\r\n    border:none!important;\r\n}\r\n.hs-contact-message-field {\r\n  height: 140px!important;\r\n  font-size: 16px!important;\r\n}\r\n\r\n\r\n","cubewp-js":"","recaptcha":"0","recaptcha_type":"google_v2","google_recaptcha_sitekey":"","google_recaptcha_secretkey":"","cubewp_forms_mailchimp":"0","cubewp_forms_mailchimp_key":"","cubewp_forms_mailchimp_prefix":""}}